,total_flight_distance_km,day_sin,day_cos,start_hour_sin,start_hour_cos,end_hour_sin,end_hour_cos,mid_hour_sin,mid_hour_cos,time_span_hours,crosses_midnight,land_score,bearing_sin,bearing_cos,OriginLon_sin,OriginLon_cos,DestinationLon_sin,DestinationLon_cos,OriginLat,DestinationLat,night_score_full_0,night_score_full_1,night_score_full_2,night_score_full_3,night_score_bool_0,night_score_bool_1,night_score_bool_2,night_score_bool_3
total_flight_distance_km,1.0,0.007861093508091414,-0.005435166764064571,-0.0012527208015163053,0.02572535335800802,0.02614488537310713,0.04497289109349749,0.006151033191368676,0.040159426113817384,0.9922961699759887,0.3115390427828854,-0.2486005667007606,-0.0022722269976493854,0.13749157521449065,0.039788839731695023,-0.015898438598799577,0.04065929661206045,-0.018782916766255528,-0.03986959182020589,-0.04112912991042994,0.08193540297937163,0.08326667305802282,0.07821525096902993,0.06452816203438791,0.11485395237458568,0.09269268997982451,0.05968328158273133,0.02409815242606978
day_sin,0.007861093508091414,1.0,-0.004362932670816165,0.002949982871991665,0.0012089935852239145,0.004030760345752862,0.0023893009018880434,0.0029878075975845195,0.0018889353722609974,0.009593886515090449,0.004343858905961233,-0.006660759617619231,-0.002006434891709522,-0.002718970539684902,0.017781950045215204,-0.028099354315788236,0.017848227530414946,-0.028330100710029,-0.01954459871748938,-0.020498531695299593,-0.057620475319508244,-0.05415149023791005,-0.04976585655736462,-0.04562052909271166,-0.030726266798522226,-0.025256549420984955,-0.02270864080852329,-0.022256049174205955
day_cos,-0.005435166764064571,-0.004362932670816165,1.0,3.103084751619826e-05,0.022866483937070064,0.01220619554329685,0.017506434572071534,0.006779850189737803,0.021523348488437833,-0.00044579360374374883,0.011146605871109922,0.012143270603347547,-0.00025685238500649816,-0.0037453983677273673,0.01841881567437516,-0.04167153209473043,0.01875626779360705,-0.04119508674741647,-0.03206835307698228,-0.03189445322871876,0.2795273127330568,0.2686734430617048,0.2547176883027329,0.24187715382941674,0.16227370220953313,0.14878337453446666,0.14355540007934356,0.14238349020448554
start_hour_sin,-0.0012527208015163053,0.002949982871991665,3.103084751619826e-05,1.0,0.00941446079708239,0.7408602351942964,-0.4388516698099072,0.9086107016964864,-0.263568342120492,-0.0018407746791737917,-0.20958118390781824,-0.06933111488995322,-0.024686021586466482,-0.014754840528246672,0.3273810446023999,-0.07378647703565405,0.31088543152382286,-0.05200784141317474,-0.06428532852239233,-0.06864384141578377,-0.06989834749413157,-0.11080793787488319,-0.14320924253130485,-0.1640327462874641,-0.09617081646450942,-0.136197660068296,-0.1592749337520727,-0.1728366790314965
start_hour_cos,0.02572535335800802,0.0012089935852239145,0.022866483937070064,0.00941446079708239,1.0,0.48275473920938444,0.7513251476987459,0.3005793103146322,0.9205245115727416,0.02083758339050736,0.3431095300923434,0.0005116604806197813,0.020517088569931907,0.026178502972212726,-0.06452284516631727,-0.2172683003349718,-0.04201510605518429,-0.180839496116748,-0.10341793155311291,-0.07057548839687722,0.06863464408725957,0.07219178581323205,0.06908378324209123,0.05989128572559764,0.11118181038516145,0.11426996662599001,0.10529103442524002,0.09146605907563592
end_hour_sin,0.02614488537310713,0.004030760345752862,0.01220619554329685,0.7408602351942964,0.48275473920938444,1.0,0.01745249198237686,0.9181945701113834,0.30906588544804314,0.022387451893396297,0.18661185838345304,-0.0578288495517546,0.004047395608796465,0.007346558751626135,0.2464755352461938,-0.1535850639319645,0.2682446654073332,-0.12848841683552792,-0.10529235948562242,-0.08716356804153753,0.0033901610444222155,-0.034604976927076085,-0.07147362220563362,-0.10335161837929448,-0.0007730787207857677,-0.0427731654951712,-0.07588630319905083,-0.10302860675934818
end_hour_cos,0.04497289109349749,0.0023893009018880434,0.017506434572071534,-0.4388516698099072,0.7513251476987459,0.01745249198237686,1.0,-0.2606778943987679,0.9099826811776962,0.04455523638229597,0.36163066312179576,0.020525410919931708,0.014935624983729596,0.024443135358071546,-0.17181591188770218,-0.14362554294702,-0.1787071264557325,-0.18207980395918855,-0.04556808784329569,-0.04709001995798392,0.09386292099761594,0.1175606917505858,0.13130863729513648,0.13395449586198502,0.1429287348691518,0.16464318917962012,0.1685387105258898,0.1637735382837642
mid_hour_sin,0.006151033191368676,0.0029878075975845195,0.006779850189737803,0.9086107016964864,0.3005793103146322,0.9181945701113834,-0.2606778943987679,1.0,0.028600732094936233,0.0028773940470862036,-0.012861978667992163,-0.06401773369424764,-0.005882767048349598,-0.002201408527317931,0.2872361940992221,-0.12628027044240325,0.3009832107370162,-0.08039909101032462,-0.09468607339085405,-0.07652182905076435,-0.0366176830868602,-0.07834788577682467,-0.114861560928675,-0.14244332994073067,-0.052358709983533765,-0.09534968993659344,-0.12467171012320899,-0.145731676942742
mid_hour_cos,0.040159426113817384,0.0018889353722609974,0.021523348488437833,-0.263568342120492,0.9205245115727416,0.30906588544804314,0.9099826811776962,0.028600732094936233,1.0,0.03706162770287685,0.4355729604678475,0.011996050376577905,0.023886363202404563,0.02823094330664017,-0.12707378079566872,-0.18499303769813577,-0.10605973076545998,-0.18426984115505773,-0.07966433030305314,-0.05923937007312471,0.09372824224489822,0.10650901715019037,0.10980056746379573,0.10356171817674925,0.14126078922467075,0.1516346607370249,0.1463816119597656,0.1340480095603779
time_span_hours,0.9922961699759887,0.009593886515090449,-0.00044579360374374883,-0.0018407746791737917,0.02083758339050736,0.022387451893396297,0.04455523638229597,0.0028773940470862036,0.03706162770287685,1.0,0.3130255011673344,-0.24718543827925044,-0.044751155127021235,0.1343281952715757,0.04330259828371641,-0.007728237253432027,0.038915981136662926,-0.016201224902940264,-0.030010037489917568,-0.03160169353594965,0.07922732296969603,0.08111372273444648,0.07680289473317212,0.06399171828988563,0.10879006507212471,0.08776665335754977,0.05618048973111964,0.022064471144444812
crosses_midnight,0.3115390427828854,0.004343858905961233,0.011146605871109922,-0.20958118390781824,0.3431095300923434,0.18661185838345304,0.36163066312179576,-0.012861978667992163,0.4355729604678475,0.3130255011673344,1.0,-0.051154614181963674,0.002134557936417244,0.052156950539129214,-0.05034626326774926,-0.07135741270649024,-0.02708279030040988,-0.08144318457587187,-0.04679800152259179,-0.03695210129403926,0.1474450484588825,0.13609388587347546,0.10658346249903103,0.06656833875069564,0.10086168233798101,0.11985833321342065,0.11517211406622543,0.08981650691926053
land_score,-0.2486005667007606,-0.006660759617619231,0.012143270603347547,-0.06933111488995322,0.0005116604806197813,-0.0578288495517546,0.020525410919931708,-0.06401773369424764,0.011996050376577905,-0.24718543827925044,-0.051154614181963674,1.0,0.007455076680679846,-0.016063091502998724,-0.18048387258580278,0.00888542046706827,-0.17895603354160775,0.01047058390506417,0.13543437807625291,0.13514440072395986,0.01933056739321622,0.010471378011584445,0.0022486771619880386,-0.003073340592178796,-0.02747510601038138,-0.026096635815386956,-0.019189176327918035,-0.01032578739605049
bearing_sin,-0.0022722269976493854,-0.002006434891709522,-0.00025685238500649816,-0.024686021586466482,0.020517088569931907,0.004047395608796465,0.014935624983729596,-0.005882767048349598,0.023886363202404563,-0.044751155127021235,0.002134557936417244,0.007455076680679846,1.0,0.021933856063345854,-0.036249479725860616,-0.010233662674188702,0.03591055887519037,0.020218669546891565,-0.0029499189433357578,0.0039480633796839,0.021820765650824598,0.02304377825204859,0.022327781352054387,0.01952740334662334,0.03316819477234129,0.03079789297068802,0.024407234147974792,0.016442589839633738
bearing_cos,0.13749157521449065,-0.002718970539684902,-0.0037453983677273673,-0.014754840528246672,0.026178502972212726,0.007346558751626135,0.024443135358071546,-0.002201408527317931,0.02823094330664017,0.1343281952715757,0.052156950539129214,-0.016063091502998724,0.021933856063345854,1.0,-0.008364440080603051,0.009216999617278582,-0.016907654259726863,0.018377429696709045,-0.1767157261149836,0.26653583750513565,0.015907046437708912,0.01814452713755509,0.019211960787204118,0.01854280971246539,0.016952763133893167,0.01459992433013119,0.010950908505935187,0.007081378583408265
OriginLon_sin,0.039788839731695023,0.017781950045215204,0.01841881567437516,0.3273810446023999,-0.06452284516631727,0.2464755352461938,-0.17181591188770218,0.2872361940992221,-0.12707378079566872,0.04330259828371641,-0.05034626326774926,-0.18048387258580278,-0.036249479725860616,-0.008364440080603051,1.0,-0.020644852145021243,0.9372557546206679,-0.019236080702111868,-0.1363681664836488,-0.13115498123117614,0.03092278817076487,0.03748928975228634,0.04211898160412877,0.04397531294642673,0.07079407435513105,0.07403483206178979,0.06724501014178826,0.05655834085990298
OriginLon_cos,-0.015898438598799577,-0.028099354315788236,-0.04167153209473043,-0.07378647703565405,-0.2172683003349718,-0.1535850639319645,-0.14362554294702,-0.12628027044240325,-0.18499303769813577,-0.007728237253432027,-0.07135741270649024,0.00888542046706827,-0.010233662674188702,0.009216999617278582,-0.020644852145021243,1.0,-0.02241811828184632,0.8753961809066388,0.35587602971619764,0.3273531865691989,0.06152136857413139,0.05294017424447923,0.041033194516020874,0.028039341415829228,-0.0065499467939731494,-0.0152526130345686,-0.019429354166635555,-0.02100508910897943
DestinationLon_sin,0.04065929661206045,0.017848227530414946,0.01875626779360705,0.31088543152382286,-0.04201510605518429,0.2682446654073332,-0.1787071264557325,0.3009832107370162,-0.10605973076545998,0.038915981136662926,-0.02708279030040988,-0.17895603354160775,0.03591055887519037,-0.016907654259726863,0.9372557546206679,-0.02241811828184632,1.0,-0.020150198670853395,-0.1311475256506899,-0.13831706958932682,0.04611029671575806,0.05241551632295316,0.05587064894089154,0.05589721067370106,0.088800087463669,0.09230890118378852,0.08463273479923919,0.07211422762394942
DestinationLon_cos,-0.018782916766255528,-0.028330100710029,-0.04119508674741647,-0.05200784141317474,-0.180839496116748,-0.12848841683552792,-0.18207980395918855,-0.08039909101032462,-0.18426984115505773,-0.016201224902940264,-0.08144318457587187,0.01047058390506417,0.020218669546891565,0.018377429696709045,-0.019236080702111868,0.8753961809066388,-0.020150198670853395,1.0,0.32480711063396606,0.35638570939551406,0.07174428766699008,0.06320545692680339,0.05078906115343372,0.03662707017197838,0.008924857848212368,-0.002478820960855266,-0.009950048140088619,-0.014853536731537434
OriginLat,-0.03986959182020589,-0.01954459871748938,-0.03206835307698228,-0.06428532852239233,-0.10341793155311291,-0.10529235948562242,-0.04556808784329569,-0.09468607339085405,-0.07966433030305314,-0.030010037489917568,-0.04679800152259179,0.13543437807625291,-0.0029499189433357578,-0.1767157261149836,-0.1363681664836488,0.35587602971619764,-0.1311475256506899,0.32480711063396606,1.0,0.8006509343132432,0.055893302072478106,0.05276053920887911,0.049165673189936275,0.04634749651221528,-0.0364849623223779,-0.03633403038213448,-0.032313376581821214,-0.026042439591245727
DestinationLat,-0.04112912991042994,-0.020498531695299593,-0.03189445322871876,-0.06864384141578377,-0.07057548839687722,-0.08716356804153753,-0.04709001995798392,-0.07652182905076435,-0.05923937007312471,-0.03160169353594965,-0.03695210129403926,0.13514440072395986,0.0039480633796839,0.26653583750513565,-0.13115498123117614,0.3273531865691989,-0.13831706958932682,0.35638570939551406,0.8006509343132432,1.0,0.06502891424405831,0.06275612883171212,0.05891626341647399,0.0546376583069124,-0.025174732369094465,-0.026122618996037416,-0.02365328087977165,-0.019444303387740485
night_score_full_0,0.08193540297937163,-0.057620475319508244,0.2795273127330568,-0.06989834749413157,0.06863464408725957,0.0033901610444222155,0.09386292099761594,-0.0366176830868602,0.09372824224489822,0.07922732296969603,0.1474450484588825,0.01933056739321622,0.021820765650824598,0.015907046437708912,0.03092278817076487,0.06152136857413139,0.04611029671575806,0.07174428766699008,0.055893302072478106,0.06502891424405831,1.0,0.9495724642667357,0.8212524743629223,0.6513208720119017,0.7829997964693777,0.7948289705941858,0.7705542531155238,0.7005533739131307
night_score_full_1,0.08326667305802282,-0.05415149023791005,0.2686734430617048,-0.11080793787488319,0.07219178581323205,-0.034604976927076085,0.1175606917505858,-0.07834788577682467,0.10650901715019037,0.08111372273444648,0.13609388587347546,0.010471378011584445,0.02304377825204859,0.01814452713755509,0.03748928975228634,0.05294017424447923,0.05241551632295316,0.06320545692680339,0.05276053920887911,0.06275612883171212,0.9495724642667357,1.0,0.9566353527695027,0.8473683817691126,0.7424607143696386,0.8038952628716115,0.8386812370975897,0.8257963827498397
night_score_full_2,0.07821525096902993,-0.04976585655736462,0.2547176883027329,-0.14320924253130485,0.06908378324209123,-0.07147362220563362,0.13130863729513648,-0.114861560928675,0.10980056746379573,0.07680289473317212,0.10658346249903103,0.0022486771619880386,0.022327781352054387,0.019211960787204118,0.04211898160412877,0.041033194516020874,0.05587064894089154,0.05078906115343372,0.049165673189936275,0.05891626341647399,0.8212524743629223,0.9566353527695027,1.0,0.963381161300624,0.6609563834083813,0.7531192676487656,0.8262503718881008,0.869203350905766
night_score_full_3,0.06452816203438791,-0.04562052909271166,0.24187715382941674,-0.1640327462874641,0.05989128572559764,-0.10335161837929448,0.13395449586198502,-0.14244332994073067,0.10356171817674925,0.06399171828988563,0.06656833875069564,-0.003073340592178796,0.01952740334662334,0.01854280971246539,0.04397531294642673,0.028039341415829228,0.05589721067370106,0.03662707017197838,0.04634749651221528,0.0546376583069124,0.6513208720119017,0.8473683817691126,0.963381161300624,1.0,0.5584557014110252,0.673372567211108,0.7628093997254736,0.83955271981842
night_score_bool_0,0.11485395237458568,-0.030726266798522226,0.16227370220953313,-0.09617081646450942,0.11118181038516145,-0.0007730787207857677,0.1429287348691518,-0.052358709983533765,0.14126078922467075,0.10879006507212471,0.10086168233798101,-0.02747510601038138,0.03316819477234129,0.016952763133893167,0.07079407435513105,-0.0065499467939731494,0.088800087463669,0.008924857848212368,-0.0364849623223779,-0.025174732369094465,0.7829997964693777,0.7424607143696386,0.6609563834083813,0.5584557014110252,1.0,0.9009339296950625,0.7634983755221482,0.6317555969688685
night_score_bool_1,0.09269268997982451,-0.025256549420984955,0.14878337453446666,-0.136197660068296,0.11426996662599001,-0.0427731654951712,0.16464318917962012,-0.09534968993659344,0.1516346607370249,0.08776665335754977,0.11985833321342065,-0.026096635815386956,0.03079789297068802,0.01459992433013119,0.07403483206178979,-0.0152526130345686,0.09230890118378852,-0.002478820960855266,-0.03633403038213448,-0.026122618996037416,0.7948289705941858,0.8038952628716115,0.7531192676487656,0.673372567211108,0.9009339296950625,1.0,0.9220093316861261,0.7995973188569979
night_score_bool_2,0.05968328158273133,-0.02270864080852329,0.14355540007934356,-0.1592749337520727,0.10529103442524002,-0.07588630319905083,0.1685387105258898,-0.12467171012320899,0.1463816119597656,0.05618048973111964,0.11517211406622543,-0.019189176327918035,0.024407234147974792,0.010950908505935187,0.06724501014178826,-0.019429354166635555,0.08463273479923919,-0.009950048140088619,-0.032313376581821214,-0.02365328087977165,0.7705542531155238,0.8386812370975897,0.8262503718881008,0.7628093997254736,0.7634983755221482,0.9220093316861261,1.0,0.9292660931179272
night_score_bool_3,0.02409815242606978,-0.022256049174205955,0.14238349020448554,-0.1728366790314965,0.09146605907563592,-0.10302860675934818,0.1637735382837642,-0.145731676942742,0.1340480095603779,0.022064471144444812,0.08981650691926053,-0.01032578739605049,0.016442589839633738,0.007081378583408265,0.05655834085990298,-0.02100508910897943,0.07211422762394942,-0.014853536731537434,-0.026042439591245727,-0.019444303387740485,0.7005533739131307,0.8257963827498397,0.869203350905766,0.83955271981842,0.6317555969688685,0.7995973188569979,0.9292660931179272,1.0
