group,n_features,importance_mean,importance_std
Over-land fraction,1,0.007110356379587857,0.0005174897848936547
Destination longitude,2,0.02069718090264603,0.0004935235838621771
Destination latitude,1,0.026987008286743764,0.0005635996943123465
Origin longitude,2,0.03596433758534183,0.00016455231309415276
Departure hour,2,0.039854317645624346,0.0018663106228404653
Origin latitude,1,0.043498434647347636,0.0012115192214854956
Night fraction (sun-weighted),1,0.05288536734627227,0.0013504387667750716
Day of year,2,0.060908861959000894,0.0020612831935354035
Aircraft type (ICAO),1,0.06504561447933917,0.0021243448428592726
Flight distance,1,0.07861220894038948,0.002568413585293278
