feature,importance_mean,importance_std,pretty
land_score,0.007304134327295353,0.0006870281932028741,Over-land fraction
DestinationLon_cos,0.00856957497387616,0.0005443840001099528,Destination longitude (cos)
DestinationLon_sin,0.010773256936605313,0.0005552594808480193,Destination longitude (sin)
OriginLon_cos,0.013034139457044569,0.0005217981440449829,Origin longitude (cos)
start_hour_sin,0.014492393127460845,0.0011929677020927265,Departure hour (sin)
start_hour_cos,0.021600873963712464,0.0015270197260726626,Departure hour (cos)
OriginLon_sin,0.021903887053414107,0.0013874244366103646,Origin longitude (sin)
DestinationLat,0.027189332782291364,0.0008295199739558052,Destination latitude
day_sin,0.03625134833427026,0.0009989048946604975,Day of year (sin)
day_cos,0.040874464280794595,0.0008973004107432038,Day of year (cos)
OriginLat,0.043096363435401686,0.0007039394952099837,Origin latitude
night_score_full_0,0.0534627835551045,0.0031314112742513722,Night fraction (sun-weighted)
aircraft_type_icao,0.06660550149895236,0.00163793221777844,Aircraft type (ICAO)
total_flight_distance_km,0.07757856945728787,0.0007086079003554804,Flight distance
