name,n,rmse,r2,mae,top5_recall,top5_capture,top10_recall,top10_capture
FULL/test_pooled,17488140,1.676195284685085,0.10615871789795972,0.86965066,0.3237474082435296,0.350348648570979,0.42931724014103273,0.5346636027915338
FULL/test_2019_only,10042713,1.7080545042797826,0.12095986762980315,0.9074803,0.3283433173482881,0.3461515898685841,0.4378788195616522,0.5303988059857748
FULL/test_2021_only,7445427,1.6322337315771571,0.08182941476804895,0.8186233,0.3106285474828821,0.3488134486150828,0.4118069742110261,0.5323743985110062
LEAN/test_pooled,17488140,1.678808150658353,0.10336833749913465,0.8714968,0.32347979830902546,0.35053830973271377,0.42852927755610376,0.5334056918773583
LEAN/test_2019_only,10042713,1.7111902616340564,0.11772962877047488,0.90959483,0.3288013605875699,0.347215793703989,0.43678349768140273,0.5294589786414619
LEAN/test_2021_only,7445427,1.6341142347925632,0.07971299343390426,0.8201103,0.3091967948080834,0.34730178653638766,0.41134628893159964,0.5301626150411247
LEAN+AC/test_pooled,17488140,1.6575620960094,0.12591950470353153,0.86270475,0.35576110438274167,0.3846393498415345,0.4614790366499811,0.5759401558962469
LEAN+AC/test_2019_only,10042713,1.6912631707760581,0.13815883975481846,0.90142125,0.3525558812751924,0.3731777526539989,0.4648336952874274,0.5650405542604785
LEAN+AC/test_2021_only,7445427,1.6109883638005524,0.10557564456037083,0.8104792,0.3528961428636665,0.39350748667169677,0.4475067256021479,0.5839876384136856
