feature,importance_mean,importance_std
land_score,0.00450176728048457,0.0004352511001445886
DestinationLon_cos,0.009760769651818602,0.0006888107268897261
start_hour_sin,0.01146177896313485,0.0011763453666648863
OriginLon_cos,0.013268560492671467,0.0010545270961448336
DestinationLon_sin,0.017240382187324134,0.0008664815099569621
start_hour_cos,0.017632925000993914,0.0005786859280542815
DestinationLat,0.020587180399531425,0.0006249964994288115
day_sin,0.020589079894519323,0.0007479995352977024
day_cos,0.023778328044783748,0.0021260644837218733
OriginLon_sin,0.02552777001915918,0.0031041786960195206
night_score_full_0,0.03132456228586533,0.002425207007563335
OriginLat,0.032423570951660444,0.0019941814432844628
total_flight_distance_km,0.058174689886373886,0.0019430605703676799
