max_depth,learning_rate,min_child_weight,subsample,colsample_bytree,n_used,val_rmse,val_r2,val_top10_capture,sec
11,0.05,50,0.85,1.0,348,1.6507189542585639,0.12611096491019003,0.5709811992003454,30.47906517982483
11,0.1,50,0.85,1.0,150,1.6537527295102339,0.12289593758871786,0.5663675991947995,13.709431171417236
11,0.05,1,0.85,1.0,308,1.6545313429159214,0.122069934191397,0.5663370342680897,29.37044095993042
9,0.05,50,0.85,1.0,673,1.6530212023622033,0.12367184206473658,0.5651646001857484,40.36910104751587
9,0.1,50,0.85,1.0,308,1.6554914212801004,0.12105067800182079,0.5632233038895144,19.720798015594482
9,0.05,1,0.85,1.0,524,1.6565161437201623,0.11996237165451273,0.5617915147386102,34.75320506095886
11,0.1,1,0.85,1.0,91,1.6568859966521836,0.1195692400252325,0.5598254015975008,11.565608024597168
7,0.1,50,0.85,1.0,554,1.6591494390773833,0.11716201350662914,0.5580197713176249,29.143006086349487
7,0.05,50,0.85,1.0,1423,1.657536780523205,0.11887735993775128,0.5570106175629477,63.79856586456299
9,0.1,1,0.85,1.0,229,1.6591896743877996,0.11711928396981797,0.5564964209126955,15.218263864517212
11,0.2,50,0.85,1.0,60,1.6583031937561583,0.11806241471014578,0.5564577237026758,7.716015100479126
7,0.05,1,0.85,1.0,1142,1.66037589022713,0.115856387612842,0.5542252730708688,51.39932727813721
7,0.1,1,0.85,1.0,507,1.6621290266262618,0.11398843608519393,0.55244344236787,23.20166516304016
9,0.2,50,0.85,1.0,95,1.6591725026514534,0.11713743656480591,0.5506238480772466,7.237471103668213
7,0.2,50,0.85,1.0,267,1.661410013131987,0.11475477284065838,0.5500231528033926,14.356724977493286
7,0.2,1,0.85,1.0,180,1.6652249140227955,0.1106846935421093,0.5491518639227969,10.4496750831604
9,0.2,1,0.85,1.0,86,1.6634749687198835,0.112552843248095,0.5487944009514039,7.149164915084839
11,0.2,1,0.85,1.0,33,1.664083847840253,0.11190320086588312,0.5464549842735427,6.530208110809326
5,0.1,50,0.85,1.0,1208,1.6658674310601134,0.10999827387330319,0.5426876751267905,40.07414126396179
5,0.1,1,0.85,1.0,1030,1.6678298785180004,0.10790018638372467,0.540986673015703,36.08835411071777
5,0.05,50,0.85,1.0,1499,1.666755395752667,0.10904936922132302,0.540556526939382,48.32380795478821
5,0.2,50,0.85,1.0,636,1.6670476080738783,0.10873671697133569,0.5403923421289849,22.795142889022827
5,0.2,1,0.85,1.0,676,1.6688289523646114,0.10683106559143907,0.5393130768178847,26.313443899154663
5,0.05,1,0.85,1.0,1500,1.6682636795340582,0.10743593619564784,0.5367974633311761,49.714194774627686
